glacier_id,area_class,hard_dice,hard_iou,precision,recall,area_error_percent,absolute_area_error_percent,predicted_to_inventory_area_ratio,inventory_spectral_fraction,claim_tier
RGI2000-v7.0-G-13-36006,small,0.0,0.0,0.0,0.0,100.0,100.0,0.0,0.0,inventory_guided_screening
RGI2000-v7.0-G-13-37015,small,0.5042735042735043,0.33714285714285713,0.9752066115702479,0.3400576368876081,65.12968299711815,65.12968299711815,0.34870317002881845,0.3400576368876081,inventory_guided_screening
RGI2000-v7.0-G-13-37740,small,0.6783699059561129,0.5132827324478179,0.8002958579881657,0.588683351468988,26.441784548422202,26.441784548422202,0.735582154515778,0.588683351468988,inventory_guided_screening
RGI2000-v7.0-G-13-37493,medium,0.4936772888214466,0.3277367360644728,0.9938900203665988,0.3283983849259758,66.95827725437415,66.95827725437415,0.3304172274562584,0.3283983849259758,inventory_guided_screening
RGI2000-v7.0-G-13-37610,medium,0.6226851851851852,0.45210084033613446,0.5365691489361702,0.7417279411764706,38.23529411764707,38.23529411764707,1.3823529411764706,0.7417279411764706,inventory_guided_screening
RGI2000-v7.0-G-13-39203,medium,0.7155025553662692,0.5570291777188329,0.6115317414094351,0.8620689655172413,40.96880131362889,40.96880131362889,1.409688013136289,0.8620689655172413,inventory_guided_screening
RGI2000-v7.0-G-13-36594,large,0.7548950556416397,0.6062903043330693,0.965411637542785,0.6197525153232335,35.804325199491146,35.804325199491146,0.6419567480050885,0.6197525153232335,inventory_guided_screening
RGI2000-v7.0-G-13-37260,large,0.4307901907356948,0.27452682757423164,0.9968474148802018,0.27476538060479666,72.43656586722281,72.43656586722281,0.275634341327772,0.27476538060479666,inventory_guided_screening
RGI2000-v7.0-G-13-39187,large,0.6897175141242938,0.5263884097964815,0.6303180503923999,0.7614770459081837,20.808383233532943,20.808383233532943,1.2080838323353293,0.7614770459081837,inventory_guided_screening
