glacier_id,area_km2_rgi,area_class,model,threshold,hard_dice,hard_iou,precision,recall,boundary_f1,hausdorff95_m,assd_m,boundary_distance_status,true_area_km2,predicted_area_km2,area_error_km2,absolute_area_error_km2,area_error_percent,tp,fp,fn,tn,label_quality_tier,evaluation_status
RGI2000-v7.0-G-13-36006,0.015305961133585,small,s2_terrain,0.2,0.0,0.0,0.0,0.0,0.0,1193.0422763249694,700.8212578062816,finite,0.0154,0.5416,0.5262,0.5262,3416.883116883117,0,5416,154,45484,provisional_silver_rgi,external_geography_but_non_independent_rgi_pseudolabel
RGI2000-v7.0-G-13-37015,0.068210690022603,small,s2_terrain,0.2,0.006631725318215852,0.0033268941833011377,0.0035817446562680533,0.0446685878962536,0.0,1217.9860413055117,732.3910555556088,finite,0.0694,0.8655,0.7961,0.7961,1147.1181556195966,31,8624,663,48366,provisional_silver_rgi,external_geography_but_non_independent_rgi_pseudolabel
RGI2000-v7.0-G-13-37740,0.091456107258007,small,s2_terrain,0.2,0.6709753231492362,0.5048629531388152,0.7292464878671775,0.6213275299238302,0.1762114537444934,107.70329614269008,45.106951830538,finite,0.0919,0.0783,-0.013600000000000001,0.013600000000000001,14.79869423286181,571,212,348,57527,provisional_silver_rgi,external_geography_but_non_independent_rgi_pseudolabel
RGI2000-v7.0-G-13-37493,0.149026152550717,medium,s2_terrain,0.2,0.07767349392019973,0.04040598393381115,0.0417018319019014,0.5652759084791387,0.07568249391837104,1391.733876220214,672.5585398482048,finite,0.1486,2.0143,1.8657,1.8657,1255.5181695827723,840,19303,646,41754,provisional_silver_rgi,external_geography_but_non_independent_rgi_pseudolabel
RGI2000-v7.0-G-13-37610,0.108733591121722,medium,s2_terrain,0.2,0.08333770663867751,0.04348064180493949,0.0441921300161407,0.7297794117647058,0.022822365918600224,1171.9299213174345,635.3000347123948,finite,0.1088,1.7967,1.6879,1.6879,1551.3786764705883,794,17173,294,42489,provisional_silver_rgi,external_geography_but_non_independent_rgi_pseudolabel
RGI2000-v7.0-G-13-39203,0.121667812060264,medium,s2_terrain,0.2,0.04783558021674245,0.02450386849180126,0.024515943576371064,0.9802955665024631,0.06321243523316063,1417.8574761604893,771.8491361706949,finite,0.1218,4.8703,4.7485,4.7485,3898.6042692939245,1194,47509,24,12223,provisional_silver_rgi,external_geography_but_non_independent_rgi_pseudolabel
RGI2000-v7.0-G-13-36594,0.858935563793656,large,s2_terrain,0.2,0.27232533889468197,0.15762535911735592,0.16611963463348853,0.7550595582282873,0.14783010272220073,1422.5680794573414,576.4673412469615,finite,0.8647,3.9303,3.0656,3.0656,354.52758182028447,6529,32774,2118,76739,provisional_silver_rgi,external_geography_but_non_independent_rgi_pseudolabel
RGI2000-v7.0-G-13-37260,0.574796927800054,large,s2_terrain,0.2,0.28178835110746514,0.16400095488183336,0.19985454545454545,0.47758081334723673,0.026646928201332343,1313.2775851260967,475.65352664081,finite,0.5754,1.375,0.7996,0.7996,138.9641988182134,2748,11002,3006,88532,provisional_silver_rgi,external_geography_but_non_independent_rgi_pseudolabel
RGI2000-v7.0-G-13-39187,0.400957606491026,large,s2_terrain,0.2,0.19273483757401183,0.10664447120493023,0.11054815141168264,0.7512475049900199,0.0699178504969818,1418.2383425473447,578.3254812199488,finite,0.4008,2.7237,2.3229,2.3229,579.5658682634731,3011,24226,997,63557,provisional_silver_rgi,external_geography_but_non_independent_rgi_pseudolabel
