rgi_id,eligible,reason
RGI2000-v7.0-G-13-33388,True,eligible
RGI2000-v7.0-G-13-33389,True,eligible
RGI2000-v7.0-G-13-33390,True,eligible
RGI2000-v7.0-G-13-33426,True,eligible
RGI2000-v7.0-G-13-33428,True,eligible
RGI2000-v7.0-G-13-33429,True,eligible
RGI2000-v7.0-G-13-33430,True,eligible
RGI2000-v7.0-G-13-33432,True,eligible
RGI2000-v7.0-G-13-33433,True,eligible
RGI2000-v7.0-G-13-33434,True,eligible
RGI2000-v7.0-G-13-33435,True,eligible
RGI2000-v7.0-G-13-33438,True,eligible
RGI2000-v7.0-G-13-33439,True,eligible
RGI2000-v7.0-G-13-33440,True,eligible
RGI2000-v7.0-G-13-33442,True,eligible
RGI2000-v7.0-G-13-33443,True,eligible
RGI2000-v7.0-G-13-33444,True,eligible
RGI2000-v7.0-G-13-33445,True,eligible
RGI2000-v7.0-G-13-33446,True,eligible
RGI2000-v7.0-G-13-33447,True,eligible
RGI2000-v7.0-G-13-33448,True,eligible
RGI2000-v7.0-G-13-33449,True,eligible
RGI2000-v7.0-G-13-33450,True,eligible
RGI2000-v7.0-G-13-33451,True,eligible
RGI2000-v7.0-G-13-33452,True,eligible
RGI2000-v7.0-G-13-33453,True,eligible
RGI2000-v7.0-G-13-33454,True,eligible
RGI2000-v7.0-G-13-33455,True,eligible
RGI2000-v7.0-G-13-33456,True,eligible
RGI2000-v7.0-G-13-33458,True,eligible
RGI2000-v7.0-G-13-33459,True,eligible
RGI2000-v7.0-G-13-33460,True,eligible
RGI2000-v7.0-G-13-33461,True,eligible
RGI2000-v7.0-G-13-33462,True,eligible
RGI2000-v7.0-G-13-33463,True,eligible
RGI2000-v7.0-G-13-33464,True,eligible
RGI2000-v7.0-G-13-33465,True,eligible
RGI2000-v7.0-G-13-33466,True,eligible
RGI2000-v7.0-G-13-33467,True,eligible
RGI2000-v7.0-G-13-33468,True,eligible
RGI2000-v7.0-G-13-33470,True,eligible
RGI2000-v7.0-G-13-33471,True,eligible
RGI2000-v7.0-G-13-33472,True,eligible
RGI2000-v7.0-G-13-33473,True,eligible
RGI2000-v7.0-G-13-33474,True,eligible
RGI2000-v7.0-G-13-33475,True,eligible
RGI2000-v7.0-G-13-33476,True,eligible
RGI2000-v7.0-G-13-33477,True,eligible
RGI2000-v7.0-G-13-33478,True,eligible
RGI2000-v7.0-G-13-33479,True,eligible
RGI2000-v7.0-G-13-33480,True,eligible
RGI2000-v7.0-G-13-33481,True,eligible
RGI2000-v7.0-G-13-33482,True,eligible
RGI2000-v7.0-G-13-33483,True,eligible
RGI2000-v7.0-G-13-33484,True,eligible
RGI2000-v7.0-G-13-33485,True,eligible
RGI2000-v7.0-G-13-33486,True,eligible
RGI2000-v7.0-G-13-33487,True,eligible
RGI2000-v7.0-G-13-33488,True,eligible
RGI2000-v7.0-G-13-33489,True,eligible
RGI2000-v7.0-G-13-33490,True,eligible
RGI2000-v7.0-G-13-33491,True,eligible
RGI2000-v7.0-G-13-33492,True,eligible
RGI2000-v7.0-G-13-33493,True,eligible
RGI2000-v7.0-G-13-33494,True,eligible
RGI2000-v7.0-G-13-33495,True,eligible
RGI2000-v7.0-G-13-33496,True,eligible
RGI2000-v7.0-G-13-33497,True,eligible
RGI2000-v7.0-G-13-33498,True,eligible
RGI2000-v7.0-G-13-33499,True,eligible
RGI2000-v7.0-G-13-33500,True,eligible
RGI2000-v7.0-G-13-33501,True,eligible
RGI2000-v7.0-G-13-33502,True,eligible
RGI2000-v7.0-G-13-33503,True,eligible
RGI2000-v7.0-G-13-33504,True,eligible
RGI2000-v7.0-G-13-33505,True,eligible
RGI2000-v7.0-G-13-33506,True,eligible
RGI2000-v7.0-G-13-33507,True,eligible
RGI2000-v7.0-G-13-33508,True,eligible
RGI2000-v7.0-G-13-33509,True,eligible
RGI2000-v7.0-G-13-33510,True,eligible
RGI2000-v7.0-G-13-33511,True,eligible
RGI2000-v7.0-G-13-33512,True,eligible
RGI2000-v7.0-G-13-33513,True,eligible
RGI2000-v7.0-G-13-33514,True,eligible
RGI2000-v7.0-G-13-33515,True,eligible
RGI2000-v7.0-G-13-33516,True,eligible
RGI2000-v7.0-G-13-33517,True,eligible
RGI2000-v7.0-G-13-33518,True,eligible
RGI2000-v7.0-G-13-33519,True,eligible
RGI2000-v7.0-G-13-33520,True,eligible
RGI2000-v7.0-G-13-33521,True,eligible
RGI2000-v7.0-G-13-33522,True,eligible
RGI2000-v7.0-G-13-33523,True,eligible
RGI2000-v7.0-G-13-33524,True,eligible
RGI2000-v7.0-G-13-33525,True,eligible
RGI2000-v7.0-G-13-33526,True,eligible
RGI2000-v7.0-G-13-33527,True,eligible
RGI2000-v7.0-G-13-33528,True,eligible
RGI2000-v7.0-G-13-33529,True,eligible
RGI2000-v7.0-G-13-33530,True,eligible
RGI2000-v7.0-G-13-33531,True,eligible
RGI2000-v7.0-G-13-33532,True,eligible
RGI2000-v7.0-G-13-33533,True,eligible
RGI2000-v7.0-G-13-33534,True,eligible
RGI2000-v7.0-G-13-33535,True,eligible
RGI2000-v7.0-G-13-33536,True,eligible
RGI2000-v7.0-G-13-33537,True,eligible
RGI2000-v7.0-G-13-33538,True,eligible
RGI2000-v7.0-G-13-33539,True,eligible
RGI2000-v7.0-G-13-33540,True,eligible
RGI2000-v7.0-G-13-33541,True,eligible
RGI2000-v7.0-G-13-33542,True,eligible
RGI2000-v7.0-G-13-33543,True,eligible
RGI2000-v7.0-G-13-33544,True,eligible
RGI2000-v7.0-G-13-33545,True,eligible
RGI2000-v7.0-G-13-33546,True,eligible
RGI2000-v7.0-G-13-33547,True,eligible
RGI2000-v7.0-G-13-33548,True,eligible
RGI2000-v7.0-G-13-33549,True,eligible
RGI2000-v7.0-G-13-33550,True,eligible
RGI2000-v7.0-G-13-33551,True,eligible
RGI2000-v7.0-G-13-33552,True,eligible
RGI2000-v7.0-G-13-33553,True,eligible
RGI2000-v7.0-G-13-33554,True,eligible
RGI2000-v7.0-G-13-33555,True,eligible
RGI2000-v7.0-G-13-33556,True,eligible
RGI2000-v7.0-G-13-33557,True,eligible
RGI2000-v7.0-G-13-33558,True,eligible
RGI2000-v7.0-G-13-33559,True,eligible
RGI2000-v7.0-G-13-33568,True,eligible
RGI2000-v7.0-G-13-33705,True,eligible
RGI2000-v7.0-G-13-33706,True,eligible
RGI2000-v7.0-G-13-33707,True,eligible
RGI2000-v7.0-G-13-33708,True,eligible
RGI2000-v7.0-G-13-33709,True,eligible
RGI2000-v7.0-G-13-33710,True,eligible
RGI2000-v7.0-G-13-33712,True,eligible
RGI2000-v7.0-G-13-33713,True,eligible
RGI2000-v7.0-G-13-33714,True,eligible
RGI2000-v7.0-G-13-33715,True,eligible
RGI2000-v7.0-G-13-33716,True,eligible
RGI2000-v7.0-G-13-33717,True,eligible
RGI2000-v7.0-G-13-33718,True,eligible
RGI2000-v7.0-G-13-33719,True,eligible
RGI2000-v7.0-G-13-33720,True,eligible
RGI2000-v7.0-G-13-33721,True,eligible
RGI2000-v7.0-G-13-33722,True,eligible
RGI2000-v7.0-G-13-33723,True,eligible
RGI2000-v7.0-G-13-33724,True,eligible
RGI2000-v7.0-G-13-33725,True,eligible
RGI2000-v7.0-G-13-33726,True,eligible
RGI2000-v7.0-G-13-33727,True,eligible
RGI2000-v7.0-G-13-33728,True,eligible
RGI2000-v7.0-G-13-33729,True,eligible
RGI2000-v7.0-G-13-33730,True,eligible
RGI2000-v7.0-G-13-33731,True,eligible
RGI2000-v7.0-G-13-33732,True,eligible
RGI2000-v7.0-G-13-33733,True,eligible
RGI2000-v7.0-G-13-33734,True,eligible
RGI2000-v7.0-G-13-33735,True,eligible
RGI2000-v7.0-G-13-33736,True,eligible
RGI2000-v7.0-G-13-33737,True,eligible
RGI2000-v7.0-G-13-33738,True,eligible
RGI2000-v7.0-G-13-33739,True,eligible
RGI2000-v7.0-G-13-33740,True,eligible
RGI2000-v7.0-G-13-33741,True,eligible
RGI2000-v7.0-G-13-33742,True,eligible
RGI2000-v7.0-G-13-33743,True,eligible
RGI2000-v7.0-G-13-33744,True,eligible
RGI2000-v7.0-G-13-33745,True,eligible
RGI2000-v7.0-G-13-33746,True,eligible
RGI2000-v7.0-G-13-33747,True,eligible
RGI2000-v7.0-G-13-33748,True,eligible
RGI2000-v7.0-G-13-33749,True,eligible
RGI2000-v7.0-G-13-33750,True,eligible
RGI2000-v7.0-G-13-33751,True,eligible
RGI2000-v7.0-G-13-33752,True,eligible
RGI2000-v7.0-G-13-33753,True,eligible
RGI2000-v7.0-G-13-33754,True,eligible
RGI2000-v7.0-G-13-33755,True,eligible
RGI2000-v7.0-G-13-33756,True,eligible
RGI2000-v7.0-G-13-33757,True,eligible
RGI2000-v7.0-G-13-33758,True,eligible
RGI2000-v7.0-G-13-33759,True,eligible
RGI2000-v7.0-G-13-33760,True,eligible
RGI2000-v7.0-G-13-33761,True,eligible
RGI2000-v7.0-G-13-33762,True,eligible
RGI2000-v7.0-G-13-33763,True,eligible
RGI2000-v7.0-G-13-33764,True,eligible
RGI2000-v7.0-G-13-33765,True,eligible
RGI2000-v7.0-G-13-33766,True,eligible
RGI2000-v7.0-G-13-33767,True,eligible
RGI2000-v7.0-G-13-33768,True,eligible
RGI2000-v7.0-G-13-33769,True,eligible
RGI2000-v7.0-G-13-33770,True,eligible
RGI2000-v7.0-G-13-33771,True,eligible
RGI2000-v7.0-G-13-33772,True,eligible
RGI2000-v7.0-G-13-33773,True,eligible
RGI2000-v7.0-G-13-33774,True,eligible
RGI2000-v7.0-G-13-33775,True,eligible
RGI2000-v7.0-G-13-33776,True,eligible
RGI2000-v7.0-G-13-33777,True,eligible
RGI2000-v7.0-G-13-33778,True,eligible
RGI2000-v7.0-G-13-33779,True,eligible
RGI2000-v7.0-G-13-33780,True,eligible
RGI2000-v7.0-G-13-33781,True,eligible
RGI2000-v7.0-G-13-33783,True,eligible
RGI2000-v7.0-G-13-33785,True,eligible
RGI2000-v7.0-G-13-33786,True,eligible
RGI2000-v7.0-G-13-33787,True,eligible
RGI2000-v7.0-G-13-33788,True,eligible
RGI2000-v7.0-G-13-33789,True,eligible
RGI2000-v7.0-G-13-33790,True,eligible
RGI2000-v7.0-G-13-33791,True,eligible
RGI2000-v7.0-G-13-33792,True,eligible
RGI2000-v7.0-G-13-33793,True,eligible
RGI2000-v7.0-G-13-33794,True,eligible
RGI2000-v7.0-G-13-33795,True,eligible
RGI2000-v7.0-G-13-33796,True,eligible
RGI2000-v7.0-G-13-33797,True,eligible
RGI2000-v7.0-G-13-33798,True,eligible
RGI2000-v7.0-G-13-33799,True,eligible
RGI2000-v7.0-G-13-33800,True,eligible
RGI2000-v7.0-G-13-33801,True,eligible
RGI2000-v7.0-G-13-33802,True,eligible
RGI2000-v7.0-G-13-33803,True,eligible
RGI2000-v7.0-G-13-33804,True,eligible
RGI2000-v7.0-G-13-33805,True,eligible
RGI2000-v7.0-G-13-33806,True,eligible
RGI2000-v7.0-G-13-33807,True,eligible
RGI2000-v7.0-G-13-33808,True,eligible
RGI2000-v7.0-G-13-33809,True,eligible
RGI2000-v7.0-G-13-33810,True,eligible
RGI2000-v7.0-G-13-33811,True,eligible
RGI2000-v7.0-G-13-33812,True,eligible
RGI2000-v7.0-G-13-33813,True,eligible
RGI2000-v7.0-G-13-33814,True,eligible
RGI2000-v7.0-G-13-33815,True,eligible
RGI2000-v7.0-G-13-33816,True,eligible
RGI2000-v7.0-G-13-33817,True,eligible
RGI2000-v7.0-G-13-33818,True,eligible
RGI2000-v7.0-G-13-33819,True,eligible
RGI2000-v7.0-G-13-33820,True,eligible
RGI2000-v7.0-G-13-33821,True,eligible
RGI2000-v7.0-G-13-33822,True,eligible
RGI2000-v7.0-G-13-33823,True,eligible
RGI2000-v7.0-G-13-33824,True,eligible
RGI2000-v7.0-G-13-33825,True,eligible
RGI2000-v7.0-G-13-33826,True,eligible
RGI2000-v7.0-G-13-33827,True,eligible
RGI2000-v7.0-G-13-33828,True,eligible
RGI2000-v7.0-G-13-33829,True,eligible
RGI2000-v7.0-G-13-33830,True,eligible
RGI2000-v7.0-G-13-33831,True,eligible
RGI2000-v7.0-G-13-33832,True,eligible
RGI2000-v7.0-G-13-33833,True,eligible
RGI2000-v7.0-G-13-33834,True,eligible
RGI2000-v7.0-G-13-33835,True,eligible
RGI2000-v7.0-G-13-33836,True,eligible
RGI2000-v7.0-G-13-33837,True,eligible
RGI2000-v7.0-G-13-33838,True,eligible
RGI2000-v7.0-G-13-33839,True,eligible
RGI2000-v7.0-G-13-33840,True,eligible
RGI2000-v7.0-G-13-33841,True,eligible
RGI2000-v7.0-G-13-33842,True,eligible
RGI2000-v7.0-G-13-33843,True,eligible
RGI2000-v7.0-G-13-33844,True,eligible
RGI2000-v7.0-G-13-33845,True,eligible
RGI2000-v7.0-G-13-33846,True,eligible
RGI2000-v7.0-G-13-33847,True,eligible
RGI2000-v7.0-G-13-33848,True,eligible
RGI2000-v7.0-G-13-33849,True,eligible
RGI2000-v7.0-G-13-33850,True,eligible
RGI2000-v7.0-G-13-33851,True,eligible
RGI2000-v7.0-G-13-33852,True,eligible
RGI2000-v7.0-G-13-33853,True,eligible
RGI2000-v7.0-G-13-33854,True,eligible
RGI2000-v7.0-G-13-33855,True,eligible
RGI2000-v7.0-G-13-33856,True,eligible
RGI2000-v7.0-G-13-33857,True,eligible
RGI2000-v7.0-G-13-33858,True,eligible
RGI2000-v7.0-G-13-33859,True,eligible
RGI2000-v7.0-G-13-33860,True,eligible
RGI2000-v7.0-G-13-33861,True,eligible
RGI2000-v7.0-G-13-33862,True,eligible
RGI2000-v7.0-G-13-33863,True,eligible
RGI2000-v7.0-G-13-33864,True,eligible
RGI2000-v7.0-G-13-33865,True,eligible
RGI2000-v7.0-G-13-33866,True,eligible
RGI2000-v7.0-G-13-33867,True,eligible
RGI2000-v7.0-G-13-33868,True,eligible
RGI2000-v7.0-G-13-33869,True,eligible
RGI2000-v7.0-G-13-33870,True,eligible
RGI2000-v7.0-G-13-33871,True,eligible
RGI2000-v7.0-G-13-33872,True,eligible
RGI2000-v7.0-G-13-33873,True,eligible
RGI2000-v7.0-G-13-33874,True,eligible
RGI2000-v7.0-G-13-33875,True,eligible
RGI2000-v7.0-G-13-33876,True,eligible
RGI2000-v7.0-G-13-33877,True,eligible
RGI2000-v7.0-G-13-33878,True,eligible
RGI2000-v7.0-G-13-33879,True,eligible
RGI2000-v7.0-G-13-33880,True,eligible
RGI2000-v7.0-G-13-33881,True,eligible
RGI2000-v7.0-G-13-33882,True,eligible
RGI2000-v7.0-G-13-33883,True,eligible
RGI2000-v7.0-G-13-33884,True,eligible
RGI2000-v7.0-G-13-33885,True,eligible
RGI2000-v7.0-G-13-33886,True,eligible
RGI2000-v7.0-G-13-33887,True,eligible
RGI2000-v7.0-G-13-33888,True,eligible
RGI2000-v7.0-G-13-33889,True,eligible
RGI2000-v7.0-G-13-33891,True,eligible
RGI2000-v7.0-G-13-33892,True,eligible
RGI2000-v7.0-G-13-33893,True,eligible
RGI2000-v7.0-G-13-33894,True,eligible
RGI2000-v7.0-G-13-33895,True,eligible
RGI2000-v7.0-G-13-33896,True,eligible
RGI2000-v7.0-G-13-33897,True,eligible
RGI2000-v7.0-G-13-33898,True,eligible
RGI2000-v7.0-G-13-33899,True,eligible
RGI2000-v7.0-G-13-33900,True,eligible
RGI2000-v7.0-G-13-33901,True,eligible
RGI2000-v7.0-G-13-33903,True,eligible
RGI2000-v7.0-G-13-33904,True,eligible
RGI2000-v7.0-G-13-33905,True,eligible
RGI2000-v7.0-G-13-33906,True,eligible
RGI2000-v7.0-G-13-33907,True,eligible
RGI2000-v7.0-G-13-33908,True,eligible
RGI2000-v7.0-G-13-33909,True,eligible
RGI2000-v7.0-G-13-33910,True,eligible
RGI2000-v7.0-G-13-33911,True,eligible
RGI2000-v7.0-G-13-33912,True,eligible
RGI2000-v7.0-G-13-33913,True,eligible
RGI2000-v7.0-G-13-33914,True,eligible
RGI2000-v7.0-G-13-33915,True,eligible
RGI2000-v7.0-G-13-33916,True,eligible
RGI2000-v7.0-G-13-33917,True,eligible
RGI2000-v7.0-G-13-33918,True,eligible
RGI2000-v7.0-G-13-33919,True,eligible
RGI2000-v7.0-G-13-33920,True,eligible
RGI2000-v7.0-G-13-33921,True,eligible
RGI2000-v7.0-G-13-33922,True,eligible
RGI2000-v7.0-G-13-33923,True,eligible
RGI2000-v7.0-G-13-33924,True,eligible
RGI2000-v7.0-G-13-33925,True,eligible
RGI2000-v7.0-G-13-33926,True,eligible
RGI2000-v7.0-G-13-33927,True,eligible
RGI2000-v7.0-G-13-33928,True,eligible
RGI2000-v7.0-G-13-33929,True,eligible
RGI2000-v7.0-G-13-33930,True,eligible
RGI2000-v7.0-G-13-33931,True,eligible
RGI2000-v7.0-G-13-33932,True,eligible
RGI2000-v7.0-G-13-33933,True,eligible
RGI2000-v7.0-G-13-33934,True,eligible
RGI2000-v7.0-G-13-33935,True,eligible
RGI2000-v7.0-G-13-33936,True,eligible
RGI2000-v7.0-G-13-33937,True,eligible
RGI2000-v7.0-G-13-33938,True,eligible
RGI2000-v7.0-G-13-33939,True,eligible
RGI2000-v7.0-G-13-33940,True,eligible
RGI2000-v7.0-G-13-33941,True,eligible
RGI2000-v7.0-G-13-33942,True,eligible
RGI2000-v7.0-G-13-33943,True,eligible
RGI2000-v7.0-G-13-33944,True,eligible
RGI2000-v7.0-G-13-33945,True,eligible
RGI2000-v7.0-G-13-33947,True,eligible
RGI2000-v7.0-G-13-33948,True,eligible
RGI2000-v7.0-G-13-33949,True,eligible
RGI2000-v7.0-G-13-33950,True,eligible
RGI2000-v7.0-G-13-33951,True,eligible
RGI2000-v7.0-G-13-33952,True,eligible
RGI2000-v7.0-G-13-33953,True,eligible
RGI2000-v7.0-G-13-33954,True,eligible
RGI2000-v7.0-G-13-33955,True,eligible
RGI2000-v7.0-G-13-33956,True,eligible
RGI2000-v7.0-G-13-33957,True,eligible
RGI2000-v7.0-G-13-33958,True,eligible
RGI2000-v7.0-G-13-33959,True,eligible
RGI2000-v7.0-G-13-33960,True,eligible
RGI2000-v7.0-G-13-33961,True,eligible
RGI2000-v7.0-G-13-33962,True,eligible
RGI2000-v7.0-G-13-33963,True,eligible
RGI2000-v7.0-G-13-33964,True,eligible
RGI2000-v7.0-G-13-33965,True,eligible
RGI2000-v7.0-G-13-33966,True,eligible
RGI2000-v7.0-G-13-33967,True,eligible
RGI2000-v7.0-G-13-33968,True,eligible
RGI2000-v7.0-G-13-33971,True,eligible
RGI2000-v7.0-G-13-33972,True,eligible
RGI2000-v7.0-G-13-33973,True,eligible
RGI2000-v7.0-G-13-33974,True,eligible
RGI2000-v7.0-G-13-33975,True,eligible
RGI2000-v7.0-G-13-33976,True,eligible
RGI2000-v7.0-G-13-33977,True,eligible
RGI2000-v7.0-G-13-33978,True,eligible
RGI2000-v7.0-G-13-33979,True,eligible
RGI2000-v7.0-G-13-33981,True,eligible
RGI2000-v7.0-G-13-33982,True,eligible
RGI2000-v7.0-G-13-33983,True,eligible
RGI2000-v7.0-G-13-33984,True,eligible
RGI2000-v7.0-G-13-33985,True,eligible
RGI2000-v7.0-G-13-33986,True,eligible
RGI2000-v7.0-G-13-33988,True,eligible
RGI2000-v7.0-G-13-33989,True,eligible
RGI2000-v7.0-G-13-33990,True,eligible
RGI2000-v7.0-G-13-33991,True,eligible
RGI2000-v7.0-G-13-33992,True,eligible
RGI2000-v7.0-G-13-33993,True,eligible
RGI2000-v7.0-G-13-33994,True,eligible
RGI2000-v7.0-G-13-33995,True,eligible
RGI2000-v7.0-G-13-33996,True,eligible
RGI2000-v7.0-G-13-33997,True,eligible
RGI2000-v7.0-G-13-33998,True,eligible
RGI2000-v7.0-G-13-33999,True,eligible
RGI2000-v7.0-G-13-34000,True,eligible
RGI2000-v7.0-G-13-34001,True,eligible
RGI2000-v7.0-G-13-34002,True,eligible
RGI2000-v7.0-G-13-34003,True,eligible
RGI2000-v7.0-G-13-34004,True,eligible
RGI2000-v7.0-G-13-34005,True,eligible
RGI2000-v7.0-G-13-34007,True,eligible
RGI2000-v7.0-G-13-34008,True,eligible
RGI2000-v7.0-G-13-34009,True,eligible
RGI2000-v7.0-G-13-34010,True,eligible
RGI2000-v7.0-G-13-34011,True,eligible
RGI2000-v7.0-G-13-34012,True,eligible
RGI2000-v7.0-G-13-34013,True,eligible
RGI2000-v7.0-G-13-34014,True,eligible
RGI2000-v7.0-G-13-34015,True,eligible
RGI2000-v7.0-G-13-34017,True,eligible
RGI2000-v7.0-G-13-34018,True,eligible
RGI2000-v7.0-G-13-34019,True,eligible
RGI2000-v7.0-G-13-34020,True,eligible
RGI2000-v7.0-G-13-34026,True,eligible
RGI2000-v7.0-G-13-34027,True,eligible
RGI2000-v7.0-G-13-34028,True,eligible
RGI2000-v7.0-G-13-34029,True,eligible
RGI2000-v7.0-G-13-34030,True,eligible
RGI2000-v7.0-G-13-34031,True,eligible
RGI2000-v7.0-G-13-34032,True,eligible
RGI2000-v7.0-G-13-34033,True,eligible
RGI2000-v7.0-G-13-34034,True,eligible
RGI2000-v7.0-G-13-34035,True,eligible
RGI2000-v7.0-G-13-34036,True,eligible
RGI2000-v7.0-G-13-34037,True,eligible
RGI2000-v7.0-G-13-34038,True,eligible
RGI2000-v7.0-G-13-34039,True,eligible
RGI2000-v7.0-G-13-34040,True,eligible
RGI2000-v7.0-G-13-34041,True,eligible
RGI2000-v7.0-G-13-34042,True,eligible
RGI2000-v7.0-G-13-34043,True,eligible
RGI2000-v7.0-G-13-34044,True,eligible
RGI2000-v7.0-G-13-34045,True,eligible
RGI2000-v7.0-G-13-34046,True,eligible
RGI2000-v7.0-G-13-34047,True,eligible
RGI2000-v7.0-G-13-34048,True,eligible
RGI2000-v7.0-G-13-34049,True,eligible
RGI2000-v7.0-G-13-34050,True,eligible
RGI2000-v7.0-G-13-34051,True,eligible
RGI2000-v7.0-G-13-34052,True,eligible
RGI2000-v7.0-G-13-34053,True,eligible
RGI2000-v7.0-G-13-34054,True,eligible
RGI2000-v7.0-G-13-34055,True,eligible
RGI2000-v7.0-G-13-34056,True,eligible
RGI2000-v7.0-G-13-34057,True,eligible
RGI2000-v7.0-G-13-34058,True,eligible
RGI2000-v7.0-G-13-34059,True,eligible
RGI2000-v7.0-G-13-34060,True,eligible
RGI2000-v7.0-G-13-34061,True,eligible
RGI2000-v7.0-G-13-34062,True,eligible
RGI2000-v7.0-G-13-34063,True,eligible
RGI2000-v7.0-G-13-34064,True,eligible
RGI2000-v7.0-G-13-34065,True,eligible
RGI2000-v7.0-G-13-34066,True,eligible
RGI2000-v7.0-G-13-34067,True,eligible
RGI2000-v7.0-G-13-34068,True,eligible
RGI2000-v7.0-G-13-34069,True,eligible
RGI2000-v7.0-G-13-34070,True,eligible
RGI2000-v7.0-G-13-34073,True,eligible
RGI2000-v7.0-G-13-34075,True,eligible
RGI2000-v7.0-G-13-34076,True,eligible
RGI2000-v7.0-G-13-34077,True,eligible
RGI2000-v7.0-G-13-34078,True,eligible
RGI2000-v7.0-G-13-34079,True,eligible
RGI2000-v7.0-G-13-34080,True,eligible
RGI2000-v7.0-G-13-34081,True,eligible
RGI2000-v7.0-G-13-34082,True,eligible
RGI2000-v7.0-G-13-34083,True,eligible
RGI2000-v7.0-G-13-34094,True,eligible
RGI2000-v7.0-G-13-34095,True,eligible
RGI2000-v7.0-G-13-34133,True,eligible
RGI2000-v7.0-G-13-34134,True,eligible
RGI2000-v7.0-G-13-34135,True,eligible
RGI2000-v7.0-G-13-34136,True,eligible
RGI2000-v7.0-G-13-34137,True,eligible
RGI2000-v7.0-G-13-34138,True,eligible
RGI2000-v7.0-G-13-34139,True,eligible
RGI2000-v7.0-G-13-34140,True,eligible
RGI2000-v7.0-G-13-34141,True,eligible
RGI2000-v7.0-G-13-34143,True,eligible
RGI2000-v7.0-G-13-34144,True,eligible
RGI2000-v7.0-G-13-34145,True,eligible
RGI2000-v7.0-G-13-34146,True,eligible
RGI2000-v7.0-G-13-34147,True,eligible
RGI2000-v7.0-G-13-34148,True,eligible
RGI2000-v7.0-G-13-34150,True,eligible
RGI2000-v7.0-G-13-34151,True,eligible
RGI2000-v7.0-G-13-34152,True,eligible
RGI2000-v7.0-G-13-34153,True,eligible
RGI2000-v7.0-G-13-34154,True,eligible
RGI2000-v7.0-G-13-34155,True,eligible
RGI2000-v7.0-G-13-34156,True,eligible
RGI2000-v7.0-G-13-34157,True,eligible
RGI2000-v7.0-G-13-34158,True,eligible
RGI2000-v7.0-G-13-34159,True,eligible
RGI2000-v7.0-G-13-34160,True,eligible
RGI2000-v7.0-G-13-34161,True,eligible
RGI2000-v7.0-G-13-34162,True,eligible
RGI2000-v7.0-G-13-34163,True,eligible
RGI2000-v7.0-G-13-34164,True,eligible
RGI2000-v7.0-G-13-34165,True,eligible
RGI2000-v7.0-G-13-34166,True,eligible
RGI2000-v7.0-G-13-34167,True,eligible
RGI2000-v7.0-G-13-34168,True,eligible
RGI2000-v7.0-G-13-34169,True,eligible
RGI2000-v7.0-G-13-34170,True,eligible
RGI2000-v7.0-G-13-34171,True,eligible
RGI2000-v7.0-G-13-34172,True,eligible
RGI2000-v7.0-G-13-34173,True,eligible
RGI2000-v7.0-G-13-34174,True,eligible
RGI2000-v7.0-G-13-34175,True,eligible
RGI2000-v7.0-G-13-34176,True,eligible
RGI2000-v7.0-G-13-34177,True,eligible
RGI2000-v7.0-G-13-34178,True,eligible
RGI2000-v7.0-G-13-34179,True,eligible
RGI2000-v7.0-G-13-34180,True,eligible
RGI2000-v7.0-G-13-34181,True,eligible
RGI2000-v7.0-G-13-34183,True,eligible
RGI2000-v7.0-G-13-34184,True,eligible
RGI2000-v7.0-G-13-34185,True,eligible
RGI2000-v7.0-G-13-34186,True,eligible
RGI2000-v7.0-G-13-34187,True,eligible
RGI2000-v7.0-G-13-34188,True,eligible
RGI2000-v7.0-G-13-34189,True,eligible
RGI2000-v7.0-G-13-34232,True,eligible
RGI2000-v7.0-G-13-34234,True,eligible
RGI2000-v7.0-G-13-34246,True,eligible
RGI2000-v7.0-G-13-34247,True,eligible
RGI2000-v7.0-G-13-34249,True,eligible
RGI2000-v7.0-G-13-34251,True,eligible
RGI2000-v7.0-G-13-34252,True,eligible
RGI2000-v7.0-G-13-33386,False,anchor_observation_unavailable
RGI2000-v7.0-G-13-33387,False,anchor_support_below_0.01_km2
RGI2000-v7.0-G-13-33391,False,anchor_support_below_0.01_km2
RGI2000-v7.0-G-13-33392,False,anchor_support_below_0.01_km2
RGI2000-v7.0-G-13-33393,False,anchor_support_below_0.01_km2
RGI2000-v7.0-G-13-33394,False,anchor_observation_unavailable
RGI2000-v7.0-G-13-33395,False,anchor_support_below_0.01_km2
RGI2000-v7.0-G-13-33396,False,anchor_observation_unavailable
RGI2000-v7.0-G-13-33425,False,anchor_support_below_0.01_km2
RGI2000-v7.0-G-13-33427,False,anchor_support_below_0.01_km2
RGI2000-v7.0-G-13-33431,False,anchor_support_below_0.01_km2
RGI2000-v7.0-G-13-33437,False,anchor_observation_unavailable
RGI2000-v7.0-G-13-33441,False,anchor_support_below_0.01_km2
RGI2000-v7.0-G-13-33711,False,anchor_support_below_0.01_km2
RGI2000-v7.0-G-13-33782,False,anchor_support_below_0.01_km2
RGI2000-v7.0-G-13-33784,False,anchor_support_below_0.01_km2
RGI2000-v7.0-G-13-33890,False,anchor_support_below_0.01_km2
RGI2000-v7.0-G-13-33902,False,anchor_support_below_0.01_km2
RGI2000-v7.0-G-13-33946,False,anchor_support_below_0.01_km2
RGI2000-v7.0-G-13-33969,False,anchor_support_below_0.01_km2
RGI2000-v7.0-G-13-33970,False,anchor_support_below_0.01_km2
RGI2000-v7.0-G-13-33980,False,anchor_support_below_0.01_km2
RGI2000-v7.0-G-13-34006,False,anchor_observation_unavailable
RGI2000-v7.0-G-13-34071,False,anchor_support_below_0.01_km2
RGI2000-v7.0-G-13-34072,False,outcome_observation_unavailable
RGI2000-v7.0-G-13-34074,False,anchor_support_below_0.01_km2
RGI2000-v7.0-G-13-34091,False,anchor_support_below_0.01_km2
RGI2000-v7.0-G-13-34092,False,anchor_support_below_0.01_km2
RGI2000-v7.0-G-13-34142,False,anchor_support_below_0.01_km2
RGI2000-v7.0-G-13-34149,False,anchor_support_below_0.01_km2
RGI2000-v7.0-G-13-34194,False,anchor_support_below_0.01_km2
RGI2000-v7.0-G-13-34245,False,anchor_support_below_0.01_km2
RGI2000-v7.0-G-13-34248,False,anchor_support_below_0.01_km2
